{
  "hash": "84264a00",
  "configHash": "d15ca924",
  "lockfileHash": "8959489c",
  "browserHash": "87bff906",
  "optimized": {
    "@angular/common": {
      "src": "../../../../../node_modules/@angular/common/fesm2022/common.mjs",
      "file": "@angular_common.js",
      "fileHash": "71069b43",
      "needsInterop": false
    },
    "@angular/common/http": {
      "src": "../../../../../node_modules/@angular/common/fesm2022/http.mjs",
      "file": "@angular_common_http.js",
      "fileHash": "86ffc639",
      "needsInterop": false
    },
    "@angular/core": {
      "src": "../../../../../node_modules/@angular/core/fesm2022/core.mjs",
      "file": "@angular_core.js",
      "fileHash": "2d6537b8",
      "needsInterop": false
    },
    "@angular/forms": {
      "src": "../../../../../node_modules/@angular/forms/fesm2022/forms.mjs",
      "file": "@angular_forms.js",
      "fileHash": "1efb5d3a",
      "needsInterop": false
    },
    "@angular/platform-browser": {
      "src": "../../../../../node_modules/@angular/platform-browser/fesm2022/platform-browser.mjs",
      "file": "@angular_platform-browser.js",
      "fileHash": "e2d43a05",
      "needsInterop": false
    },
    "@angular/router": {
      "src": "../../../../../node_modules/@angular/router/fesm2022/router.mjs",
      "file": "@angular_router.js",
      "fileHash": "1e464bf8",
      "needsInterop": false
    }
  },
  "chunks": {
    "chunk-LBWC5AAL": {
      "file": "chunk-LBWC5AAL.js"
    },
    "chunk-BYWUHXBF": {
      "file": "chunk-BYWUHXBF.js"
    },
    "chunk-LIK5DR5J": {
      "file": "chunk-LIK5DR5J.js"
    },
    "chunk-57SFBYUE": {
      "file": "chunk-57SFBYUE.js"
    }
  }
}